{
    "armor_material": "kc64:basic_plus_armor",
    "chest": {
        "item_name": "glich_chestplate",
        "max_stack_size": 1,
        "is_fire_resistant": false,
        "armor_renderer": "kc64:glich/chest"
    },
    "legs": {
        "item_name": "glich_leggings",
        "max_stack_size": 1,
        "is_fire_resistant": false,
        "armor_renderer": "kc64:glich/legs"
    },
    "feet": {
        "item_name": "glich_boots",
        "max_stack_size": 1,
        "is_fire_resistant": false,
        "armor_renderer": "kc64:glich/boots"
    },
    "head": {
        "item_name": "glich_helmet",
        "max_stack_size": 1,
        "is_fire_restant": false,
        "armor_renderer": "kc64:glich/helmet"
    }
}