﻿{
    "type": "minecraft:crafting_shaped",
    "category": "misc",
    "pattern": [
      "BMB",
      "SYS",
      "B B"
    ],
    "key": {
      "M": {
        "item": "minecraft:magma_cream"
      },
      "B": {
        "item": "arrzenhanced:light_blue_fabric"
      },
      "S": {
        "item": "palladium:vibranium_ingot"
      },
        "Y": {
        "item": "palladium:quartz_circuit"
      }
      
    },
    "result": {
      "item": "kc64:shockwave_leggings",
      "count": 1
    },
    "show_notification": true
  }
  

