{
    "type": "minecraft:crafting_shaped",
    "category": "misc",
    "pattern": [
      "SYS",
      "SMS",
      "B B"
    ],
    "key": {
      "B": {
        "item": "arrzenhanced:red_fabric"
      },
      "Y": {
        "item": "palladium:quartz_circuit"
      },
      "M": {
        "item": "minecraft:cobweb"
      },
      "S": {
        "item":"arrzenhanced:blue_fabric"
      }
      
    },
    "result": {
      "item": "kc64:spidey_leggings",
      "count": 1
    },
    "show_notification": true
  }