{
	"type": "palladium:compound",
	"layers": [
    {
      "type": "palladium:lightning_sparks",
      "frequency": 0.5,
      "glow_color": [240, 13, 13],
      "core_color": "#ffffff",
      "core_opacity": 1.0,
      "glow_opacity": 0.6,
      "amount": 5,
      "thickness": 0.02,
      "normal_transparency": false
    },
    {
      "type": "palladium:lightning_sparks",
      "frequency": 0.5,
      "glow_color": "#000000",
      "core_color": "#ffffff",
      "core_opacity": 1.0,
      "glow_opacity": 0.6,
      "amount": 5,
      "thickness": 0.02,
      "normal_transparency": true
    }
	]
}