{
	"type": "palladium:compound",
	"layers": [
    {
      "type": "palladium:lightning_sparks",
      "frequency": 0.5,
      "glow_color": [32, 255, 28],
      "core_color": "#ffffff",
      "core_opacity": 1.0,
      "glow_opacity": 0.6,
      "amount": 5,
      "thickness": 0.02,
      "normal_transparency": false
    },
    {
      "type": "palladium:lightning_sparks",
      "frequency": 0.5,
      "glow_color": [186, 232, 255],
      "core_color": "#ffffff",
      "core_opacity": 1.0,
      "glow_opacity": 0.6,
      "amount": 5,
      "thickness": 0.02,
      "normal_transparency": false
    }
	]
}