{
	"name": {"translate":"power.kc64.profesor.omni.armor"},
	"background": "minecraft:textures/block/red_wool.png",
	"icon": {
		"type": "palladium:texture",
		"texture": "kc64:textures/item/profesor_omni.png"
	},
	"persistent_data": true,
	"primary_color": "#ffffff",
	"secondary_color": "#525969",
    "abilities":{
		"name_change":{
			"type": "palladium:name_change",
			"hidden": true,
			"hidden_in_bar": true,
			"name": {
				"translate": "hero.kc64.profesor_omni"
			}
		},
		"fall_immunity":{
			"type": "palladium:damage_immunity",
			"hidden": true,
			"hidden_in_bar": true,
			"damage_sources": [
				"minecraft:is_fall"
			],
			"conditions":{
				"enabling":[],
				"unlocking":[]
			}
		}
    }
}